QueryId,DocumentId
1001,1
1001,2
1001,4
1001,5
1001,3
1002,4
1002,1
1002,3
1002,5
1002,2
1003,1
1003,3
1003,5
1003,2
1003,4
1004,1
1004,2
1004,16
1004,3
1004,6
1005,11
1005,13
1005,14
1005,12
1005,15
1006,11
1006,13
1006,14
1006,12
1006,15
1007,11
1007,13
1007,15
1007,14
1007,12
1008,11
1008,13
1008,6
1008,1
1008,14
1009,18
1009,16
1009,17
1009,19
1009,20
1010,18
1010,20
1010,17
1010,16
1010,19
1011,16
1011,18
1011,17
1011,20
1011,19
1012,16
1012,18
1012,20
1012,1
1012,17
1013,29
1013,30
1013,31
1013,28
1013,32
1014,29
1014,30
1014,32
1014,33
1014,31
1015,29
1015,31
1015,33
1015,28
1015,30
1016,29
1016,28
1016,31
1016,30
1016,33
1017,28
1017,30
1017,31
1017,29
1017,33
1018,29
1018,28
1018,31
1018,33
1018,30
1019,29
1019,33
1019,31
1019,32
1019,30
1020,29
1020,28
1020,31
1020,30
1020,33
1021,115
1021,111
1021,116
1021,113
1021,109
1022,113
1022,115
1022,111
1022,116
1022,114
1023,116
1023,114
1023,112
1023,115
1023,109
1024,116
1024,110
1024,112
1024,109
1024,111
1025,109
1025,116
1025,115
1025,114
1025,113
1026,109
1026,116
1026,112
1026,114
1026,115
1027,110
1027,109
1027,114
1027,116
1027,111
1028,110
1028,116
1028,114
1028,109
1028,113
1029,131
1029,130
1029,128
1029,132
1029,129
1030,126
1030,131
1030,129
1030,127
1030,130
1031,130
1031,132
1031,128
1031,131
1031,127
1032,131
1032,128
1032,130
1032,127
1032,132
1033,125
1033,130
1033,128
1033,131
1033,132
1034,130
1034,132
1034,128
1034,131
1034,129
1035,126
1035,130
1035,128
1035,129
1035,131
1036,126
1036,128
1036,125
1036,132
1036,130
1037,139
1037,59
1037,150
1037,140
1037,138
1038,139
1038,134
1038,59
1038,150
1038,137
1039,155
1039,156
1039,158
1039,157
1039,153
1040,155
1040,156
1040,157
1040,154
1040,153
1041,156
1041,155
1041,158
1041,153
1041,157
1042,156
1042,158
1042,155
1042,153
1042,154
1043,153
1043,155
1043,158
1043,156
1043,157
1044,154
1044,156
1044,155
1044,158
1044,153
1045,154
1045,155
1045,156
1045,153
1045,158
1046,154
1046,153
1046,155
1046,156
1046,158
1047,169
1047,173
1047,167
1047,171
1047,174
1048,173
1048,171
1048,168
1048,169
1048,174
1049,172
1049,174
1049,167
1049,170
1049,173
1050,167
1050,168
1050,172
1050,174
1050,170
1051,167
1051,172
1051,173
1051,170
1051,168
1052,168
1052,172
1052,170
1052,167
1052,174
1053,168
1053,167
1053,172
1053,170
1053,171
1054,168
1054,167
1054,174
1054,173
1054,635
1055,181
1055,179
1055,176
1055,177
1055,182
1056,181
1056,176
1056,179
1056,177
1056,175
1057,180
1057,182
1057,176
1057,181
1057,178
1058,176
1058,181
1058,182
1058,175
1058,177
1059,175
1059,182
1059,176
1059,181
1059,178
1060,176
1060,180
1060,182
1060,175
1060,181
1061,176
1061,181
1061,179
1061,175
1061,177
1062,176
1062,175
1062,179
1062,181
1062,182
1063,192
1063,654
1063,165
1063,173
1063,240
1064,192
1064,165
1064,163
1064,181
1064,173
1065,208
1065,210
1065,209
1065,211
1065,224
1066,208
1066,210
1066,209
1066,211
1066,224
1067,278
1067,279
1067,284
1067,285
1067,294
1068,278
1068,279
1068,280
1068,282
1068,284
1069,278
1069,281
1069,279
1069,282
1069,283
1070,281
1070,283
1070,282
1070,278
1070,284
1071,279
1071,280
1071,278
1071,282
1071,284
1072,279
1072,278
1072,280
1072,282
1072,281
1073,279
1073,280
1073,278
1073,282
1073,284
1074,279
1074,280
1074,278
1074,282
1074,284
1075,282
1075,284
1075,278
1075,281
1075,279
1076,282
1076,279
1076,278
1076,284
1076,281
1077,294
1077,295
1077,278
1077,296
1077,285
1078,294
1078,295
1078,287
1078,300
1078,285
1079,294
1079,301
1079,295
1079,299
1079,302
1080,301
1080,299
1080,297
1080,302
1080,294
1081,295
1081,296
1081,294
1081,279
1081,280
1082,295
1082,294
1082,296
1082,301
1082,287
1083,296
1083,295
1083,299
1083,286
1083,302
1084,296
1084,295
1084,294
1084,287
1084,279
1085,302
1085,300
1085,294
1085,298
1085,301
1086,302
1086,301
1086,299
1086,300
1086,298
1087,317
1087,318
1087,322
1087,324
1087,308
1088,317
1088,323
1088,326
1088,321
1088,304
1089,322
1089,320
1089,323
1089,321
1089,317
1090,322
1090,320
1090,321
1090,323
1090,326
1091,318
1091,319
1091,317
1091,322
1091,398
1092,318
1092,319
1092,322
1092,320
1092,323
1093,318
1093,319
1093,305
1093,330
1093,326
1094,319
1094,318
1094,317
1094,320
1094,322
1095,321
1095,320
1095,323
1095,322
1095,326
1096,322
1096,320
1096,323
1096,318
1096,326
1097,324
1097,325
1097,326
1097,330
1097,317
1098,324
1098,325
1098,319
1098,321
1098,317
1099,329
1099,331
1099,327
1099,324
1099,330
1100,331
1100,329
1100,327
1100,332
1100,328
1101,325
1101,324
1101,326
1101,319
1101,304
1102,325
1102,326
1102,324
1102,330
1102,329
1103,326
1103,325
1103,324
1103,304
1103,319
1104,326
1104,325
1104,329
1104,324
1104,319
1105,332
1105,330
1105,331
1105,328
1105,329
1106,332
1106,331
1106,329
1106,327
1106,325
1107,486
1107,488
1107,456
1107,470
1107,487
1108,486
1108,488
1108,492
1108,490
1108,472
1109,493
1109,488
1109,486
1109,491
1109,492
1110,493
1110,494
1110,492
1110,490
1110,491
1111,487
1111,488
1111,486
1111,472
1111,496
1112,487
1112,486
1112,488
1112,492
1112,458
1113,488
1113,487
1113,486
1113,492
1113,497
1114,488
1114,487
1114,486
1114,490
1114,492
1115,494
1115,492
1115,493
1115,490
1115,486
1116,494
1116,493
1116,490
1116,492
1116,486
1117,509
1117,513
1117,518
1117,502
1117,510
1118,513
1118,515
1118,509
1118,502
1118,518
1119,514
1119,515
1119,513
1119,512
1119,516
1120,512
1120,513
1120,514
1120,515
1120,516
1121,510
1121,511
1121,514
1121,515
1121,518
1122,510
1122,511
1122,513
1122,512
1122,509
1123,510
1123,512
1123,511
1123,509
1123,513
1124,510
1124,511
1124,513
1124,509
1124,514
1125,515
1125,513
1125,514
1125,516
1125,517
1126,515
1126,514
1126,513
1126,512
1126,510
1127,518
1127,519
1127,524
1127,523
1127,509
1128,518
1128,524
1128,520
1128,522
1128,509
1129,523
1129,524
1129,525
1129,521
1129,518
1130,523
1130,522
1130,521
1130,524
1130,525
1131,519
1131,520
1131,518
1131,523
1131,509
1132,519
1132,518
1132,524
1132,520
1132,523
1133,519
1133,520
1133,518
1133,523
1133,521
1134,519
1134,520
1134,522
1134,524
1134,523
1135,523
1135,524
1135,522
1135,526
1135,525
1136,524
1136,523
1136,519
1136,525
1136,518
1137,536
1137,537
1137,540
1137,539
1137,538
1138,536
1138,537
1138,539
1138,540
1138,541
1139,539
1139,537
1139,540
1139,541
1139,536
1140,540
1140,539
1140,541
1140,542
1140,537
1141,537
1141,538
1141,536
1141,539
1141,540
1142,537
1142,536
1142,538
1142,539
1142,541
1143,537
1143,538
1143,536
1143,539
1143,540
1144,538
1144,537
1144,539
1144,536
1144,541
1145,540
1145,539
1145,542
1145,541
1145,536
1146,539
1146,540
1146,541
1146,542
1146,537
1147,552
1147,560
1147,536
1147,561
1147,559
1148,552
1148,555
1148,556
1148,537
1148,536
1149,555
1149,559
1149,557
1149,558
1149,556
1150,559
1150,555
1150,556
1150,560
1150,558
1151,553
1151,554
1151,544
1151,559
1151,359
1152,553
1152,554
1152,555
1152,557
1152,559
1153,553
1153,554
1153,555
1153,552
1153,561
1154,554
1154,553
1154,555
1154,559
1154,563
1155,560
1155,558
1155,559
1155,556
1155,555
1156,560
1156,559
1156,555
1156,557
1156,558
1157,580
1157,579
1157,582
1157,581
1157,583
1158,580
1158,582
1158,577
1158,579
1158,584
1159,577
1159,582
1159,580
1159,584
1159,579
1160,577
1160,580
1160,582
1160,584
1160,579
1161,578
1161,577
1161,580
1161,582
1161,579
1162,578
1162,580
1162,577
1162,582
1162,584
1163,582
1163,580
1163,584
1163,577
1163,579
1164,577
1164,580
1164,582
1164,579
1164,581
1165,587
1165,589
1165,588
1165,585
1165,591
1166,588
1166,590
1166,591
1166,592
1166,589
1167,585
1167,588
1167,590
1167,592
1167,589
1168,588
1168,591
1168,585
1168,587
1168,592
1169,588
1169,585
1169,592
1169,587
1169,586
1170,588
1170,585
1170,592
1170,590
1170,586
1171,588
1171,592
1171,590
1171,587
1171,591
1172,588
1172,590
1172,585
1172,587
1172,592
1173,600
1173,601
1173,648
1173,646
1173,598
1174,601
1174,600
1174,599
1174,597
1174,598
1175,593
1175,648
1175,599
1175,600
1175,601
1176,648
1176,595
1176,593
1176,649
1176,599
1177,593
1177,649
1177,597
1177,599
1177,648
1178,593
1178,597
1178,648
1178,599
1178,601
1179,601
1179,599
1179,600
1179,648
1179,598
1180,601
1180,648
1180,600
1180,598
1180,597
1181,594
1181,649
1181,593
1181,648
1181,599
1182,594
1182,593
1182,649
1182,600
1182,599
1183,645
1183,604
1183,606
1183,652
1183,608
1184,645
1184,606
1184,652
1184,604
1184,607
1185,676
1185,677
1185,679
1185,680
1185,678
1186,676
1186,677
1186,679
1186,680
1186,678
1187,677
1187,679
1187,676
1187,680
1187,678
1188,677
1188,679
1188,676
1188,680
1188,678
1189,677
1189,676
1189,680
1189,679
1189,678
1190,676
1190,680
1190,679
1190,678
1190,677
1191,681
1191,682
1191,684
1191,685
1191,683
1192,681
1192,682
1192,684
1192,683
1192,685
1193,684
1193,682
1193,681
1193,683
1193,685
1194,681
1194,682
1194,684
1194,683
1194,685
1195,682
1195,681
1195,684
1195,683
1195,672
1196,682
1196,681
1196,684
1196,685
1196,6
1197,664
1197,662
1197,665
1197,691
1197,570
1198,665
1198,662
1198,664
1198,570
1198,661
1199,695
1199,659
1199,92
1199,660
1199,193
1200,695
1200,657
1200,645
1200,659
1200,92
